﻿{
  "ProviderId": "Microsoft.VisualStudio.ConnectedService.Wcf",
  "Version": "15.0.40203.910",
  "GettingStartedDocument": {
    "Uri": "https://go.microsoft.com/fwlink/?linkid=858517"
  },
  "ExtendedData": {
    "inputs": [
      "https://tckimlik.nvi.gov.tr/service/kpspublic.asmx?WSDL"
    ],
    "collectionTypes": [
      "System.Collections.Generic.Dictionary`2",
      "System.Collections.Generic.List`1"
    ],
    "messageContract": true,
    "namespaceMappings": [
      "*, ServiceReference1"
    ],
    "targetFramework": "netcoreapp3.1",
    "typeReuseMode": "All"
  }
}